name,time,filled,hum,location,mag,pressure,temp,x_axis,y_axis,z_axis
unit_3,1573015425014720000,7,29,car,,30357.099609,26,,,
unit_3,1573015435038712000,7,35,car,,30842.130859,26,,,
unit_3,1573015445062588000,7,35,car,,30842.130859,26,,,
unit_3,1573015452089688000,,,car,0.252982,,,0.08,0,0.24
unit_3,1573015452093728000,,,car,0.252982,,,0.08,0,0.24
unit_3,1573015452098848000,,,car,0.252982,,,0.08,0,0.24
unit_3,1573015452103968000,,,car,0.252982,,,0.08,0,0.24
unit_3,1573015452109088000,,,car,0.252982,,,0.08,0,0.24
unit_3,1573015452114168000,,,car,0.24,,,0,0,0.24
unit_3,1573015452119328000,,,car,0.32,,,0,0,0.32
unit_3,1573015452124464000,,,car,0.974526,,,0.56,0.69,0.4
unit_3,1573015452129604000,,,car,1.022595,,,0.64,0.69,0.4
unit_3,1573015452133748000,,,car,0.392428,,,0.24,0.3,0.08
unit_3,1573015452138784000,,,car,0.327567,,,0,0.07,0.32
unit_3,1573015452143904000,,,car,0.329848,,,0.08,0,0.32
unit_3,1573015452149024000,,,car,0.329848,,,0.08,0,0.32
unit_3,1573015452154144000,,,car,0.252982,,,0.08,0,0.24
unit_3,1573015452159256000,,,car,0.288444,,,0.16,0,0.24
unit_3,1573015452164364000,,,car,0.226274,,,0.16,0,0.16
unit_3,1573015452169568000,,,car,0.288444,,,0.16,0,0.24
unit_3,1573015452174708000,,,car,1.01,,,0.48,0.69,0.56
unit_3,1573015452178772000,,,car,2.299304,,,1.68,1.3,0.88
unit_3,1573015452183904000,,,car,1.205985,,,0.72,0.84,0.48
unit_3,1573015452189168000,,,car,5.370773,,,0.16,0.3,5.36
unit_3,1573015452194956000,,,car,0.755844,,,0,0.23,0.72
unit_3,1573015452199284000,,,car,0.612209,,,0,0.38,0.48
unit_3,1573015452204348000,,,car,0.693109,,,0.4,0.3,0.48
unit_3,1573015452209452000,,,car,0.219317,,,0.16,0.15,0
unit_3,1573015452214560000,,,car,0.113137,,,0.08,0,0.08
unit_3,1573015452218688000,,,car,0.113137,,,0.08,0,0.08
unit_3,1573015452223796000,,,car,1.140219,,,0.64,0.61,0.72
unit_3,1573015452228924000,,,car,1.24936,,,0.8,0.53,0.8
unit_3,1573015452267076000,,,car,0.106301,,,0.08,0.07,0
unit_3,1573015452271924000,,,car,0.113137,,,0.08,0,0.08
unit_3,1573015452277000000,,,car,0,,,0,0,0
unit_3,1573015452282224000,,,car,0.113137,,,0.08,0,0.08
unit_3,1573015452287272000,,,car,0.113137,,,0.08,0,0.08
unit_3,1573015452292416000,,,car,0.113137,,,0.08,0,0.08
unit_3,1573015452297560000,,,car,0.113137,,,0.08,0,0.08
unit_3,1573015452302648000,,,car,0.133041,,,0.08,0.07,0.08
unit_3,1573015452306776000,,,car,0.133041,,,0.08,0.07,0.08
unit_3,1573015452311832000,,,car,0.113137,,,0.08,0,0.08
unit_3,1573015452319384000,,,car,0.325115,,,0.24,0.15,0.16
unit_3,1573015455086516000,7,35,car,,30842.130859,26,,,
unit_3,1573015465109996000,7,35,car,,30360.529297,26,,,
unit_3,1573015475133432000,7,35,car,,30842.130859,26,,,
unit_3,1573015485157352000,7,35,car,,30842.130859,26,,,
unit_3,1573015488566568000,,,car,0.368917,,,0.24,0.23,0.16
unit_3,1573015488570716000,,,car,0.466905,,,0.32,0.3,0.16
unit_3,1573015488575860000,,,car,0.133041,,,0.08,0.07,0.08
unit_3,1573015488580856000,,,car,0.16,,,0,0,0.16
unit_3,1573015488586024000,,,car,0.16,,,0,0,0.16
unit_3,1573015488591104000,,,car,0.16,,,0,0,0.16
unit_3,1573015488596272000,,,car,0.16,,,0,0,0.16
unit_3,1573015488601352000,,,car,0.16,,,0,0,0.16
unit_3,1573015488606520000,,,car,0.24,,,0,0,0.24
unit_3,1573015488611600000,,,car,0.24,,,0,0,0.24
unit_3,1573015488615744000,,,car,0.655134,,,0.4,0.46,0.24
unit_3,1573015488620880000,,,car,1.307823,,,0.88,0.84,0.48
unit_3,1573015488626020000,,,car,0.44587,,,0.32,0.3,0.08
unit_3,1573015488631076000,,,car,0.362353,,,0.08,0.15,0.32
unit_3,1573015488636200000,,,car,0.406079,,,0,0.07,0.4
unit_3,1573015488641280000,,,car,0.48,,,0,0,0.48
unit_3,1573015488646480000,,,car,0.486621,,,0.08,0,0.48
unit_3,1573015488651600000,,,car,0.486621,,,0.08,0,0.48
unit_3,1573015488656720000,,,car,0.486621,,,0.08,0,0.48
unit_3,1573015488661868000,,,car,0.45618,,,0.4,0.15,0.16
unit_3,1573015488667044000,,,car,4.257946,,,0.16,0.46,4.23
unit_3,1573015488672848000,,,car,1.25064,,,1.04,0.69,0.08
unit_3,1573015488677248000,,,car,0.698642,,,0.16,0.23,0.64
unit_3,1573015488682320000,,,car,0.691737,,,0.4,0.07,0.56
unit_3,1573015488687472000,,,car,0.341906,,,0.24,0.23,0.08
unit_3,1573015488692540000,,,car,0.23,,,0,0.23,0
unit_3,1573015488697688000,,,car,0.296816,,,0.16,0.07,0.24
unit_3,1573015488701724000,,,car,0.329848,,,0.08,0,0.32
unit_3,1573015488706828000,,,car,0.219317,,,0,0.15,0.16
unit_3,1573015488747392000,,,car,0.08,,,0.08,0,0
unit_3,1573015488751972000,,,car,0.106301,,,0,0.07,0.08
unit_3,1573015488757068000,,,car,0.106301,,,0,0.07,0.08
unit_3,1573015488762176000,,,car,0.133041,,,0.08,0.07,0.08
unit_3,1573015488767368000,,,car,0.133041,,,0.08,0.07,0.08
unit_3,1573015488772464000,,,car,0.133041,,,0.08,0.07,0.08
unit_3,1573015488777560000,,,car,0.133041,,,0.08,0.07,0.08
unit_3,1573015488782584000,,,car,0.08,,,0.08,0,0
unit_3,1573015488786744000,,,car,0.133041,,,0.08,0.07,0.08
unit_3,1573015488791792000,,,car,0,,,0,0,0
unit_3,1573015488799264000,,,car,0.325115,,,0.24,0.15,0.16
unit_3,1573015491020104000,,,car,0.106301,,,0,0.07,0.08
unit_3,1573015491025200000,,,car,0.106301,,,0,0.07,0.08
unit_3,1573015491030296000,,,car,0.106301,,,0,0.07,0.08
unit_3,1573015491035488000,,,car,0.174642,,,0,0.07,0.16
unit_3,1573015491040584000,,,car,0.174642,,,0,0.07,0.16
unit_3,1573015491045640000,,,car,0.16,,,0,0,0.16
unit_3,1573015491050812000,,,car,0.52192,,,0.32,0.38,0.16
unit_3,1573015491055932000,,,car,0.133041,,,0.08,0.07,0.08
unit_3,1573015491061024000,,,car,0.174642,,,0,0.07,0.16
unit_3,1573015491066176000,,,car,0.16,,,0,0,0.16
unit_3,1573015491071232000,,,car,0.16,,,0,0,0.16
unit_3,1573015491076384000,,,car,0.16,,,0,0,0.16
unit_3,1573015491090584000,,,car,0.24,,,0,0,0.24
unit_3,1573015491094848000,,,car,0.25,,,0,0.07,0.24
unit_3,1573015491099948000,,,car,0.52192,,,0.32,0.38,0.16
unit_3,1573015491105060000,,,car,0.233452,,,0.08,0.15,0.16
unit_3,1573015491110248000,,,car,0.25,,,0,0.07,0.24
unit_3,1573015491115304000,,,car,0.32,,,0,0,0.32
unit_3,1573015491120400000,,,car,0.329848,,,0.08,0,0.32
unit_3,1573015491125608000,,,car,1.958188,,,0.8,0.61,-1.68
unit_3,1573015491130836000,,,car,3.894817,,,0.96,0.84,3.68
unit_3,1573015491135848000,,,car,1.921484,,,0.16,0.53,1.84
unit_3,1573015491140960000,,,car,0.362353,,,0.08,0.15,0.32
unit_3,1573015491146056000,,,car,0.825167,,,0.32,0.69,0.32
unit_3,1573015491151184000,,,car,0.929731,,,0,0.3,0.88
unit_3,1573015491156288000,,,car,0.291376,,,0.08,0.23,0.16
unit_3,1573015491161328000,,,car,0.08,,,0,0,0.08
unit_3,1573015491166592000,,,car,0.364555,,,0.16,0.07,0.32
unit_3,1573015491171568000,,,car,0,,,0,0,0
unit_3,1573015491175732000,,,car,0.106301,,,0.08,0.07,0
unit_3,1573015491191104000,,,car,0.133041,,,0.08,0.07,0.08
unit_3,1573015491195276000,,,car,0.192094,,,0.16,0.07,0.08
unit_3,1573015491200288000,,,car,0.08,,,0.08,0,0
unit_3,1573015491205392000,,,car,0.113137,,,0.08,0,0.08
unit_3,1573015491210536000,,,car,0.113137,,,0.08,0,0.08
unit_3,1573015491215680000,,,car,0.113137,,,0.08,0,0.08
unit_3,1573015491219760000,,,car,0.113137,,,0.08,0,0.08
unit_3,1573015491224904000,,,car,0.113137,,,0.08,0,0.08
unit_3,1573015491230048000,,,car,0.113137,,,0.08,0,0.08
unit_3,1573015491235096000,,,car,0.113137,,,0.08,0,0.08
unit_3,1573015492218168000,,,car,0.16,,,0,0,0.16
unit_3,1573015492223264000,,,car,0.174642,,,0,0.07,0.16
unit_3,1573015492228416000,,,car,0.16,,,0,0,0.16
unit_3,1573015492233472000,,,car,0.16,,,0,0,0.16
unit_3,1573015492238664000,,,car,0.174642,,,0,0.07,0.16
unit_3,1573015492242792000,,,car,0.174642,,,0,0.07,0.16
unit_3,1573015492247888000,,,car,0.174642,,,0,0.07,0.16
unit_3,1573015492252964000,,,car,0.50319,,,0.32,0.38,0.08
unit_3,1573015492258172000,,,car,0.233452,,,0.08,0.15,0.16
unit_3,1573015492263264000,,,car,0.25,,,0,0.07,0.24
unit_3,1573015492268320000,,,car,0.24,,,0,0,0.24
unit_3,1573015492273472000,,,car,0.32,,,0,0,0.32
unit_3,1573015492287524000,,,car,0.32,,,0,0,0.32
unit_3,1573015492291920000,,,car,0.4,,,0,0,0.4
unit_3,1573015492297056000,,,car,0.329848,,,0.08,0,0.32
unit_3,1573015492302140000,,,car,3.13,,,0.24,1.53,2.72
unit_3,1573015492307368000,,,car,5.782214,,,1.04,0.3,5.68
unit_3,1573015492312956000,,,car,1.617189,,,0.72,1.15,0.88
unit_3,1573015492317576000,,,car,1.334016,,,0.56,0.46,1.12
unit_3,1573015492322652000,,,car,0.615224,,,0,0.61,0.08
unit_3,1573015492326772000,,,car,0.90824,,,0.48,0.53,0.56
unit_3,1573015492331880000,,,car,0.733826,,,0.4,0.61,0.08
unit_3,1573015492336980000,,,car,0.42,,,0.16,0.38,0.08
unit_3,1573015492342060000,,,car,0.252982,,,0.08,0,0.24
unit_3,1573015492347212000,,,car,0.106301,,,0.08,0.07,0
unit_3,1573015492352344000,,,car,0.192094,,,0.16,0.07,0.08
unit_3,1573015492357440000,,,car,0.233452,,,0.16,0.15,0.08
unit_3,1573015492364320000,,,car,0.294109,,,0.24,0.15,0.08
unit_3,1573015492368752000,,,car,0.192094,,,0.16,0.07,0.08
unit_3,1573015492373812000,,,car,0.174642,,,0.16,0.07,0
unit_3,1573015492379016000,,,car,0.192094,,,0.16,0.07,0.08
unit_3,1573015492391240000,,,car,0.133041,,,0.08,0.07,0.08
unit_3,1573015492395372000,,,car,0.113137,,,0.08,0,0.08
unit_3,1573015492400468000,,,car,0.113137,,,0.08,0,0.08
unit_3,1573015492405568000,,,car,0.113137,,,0.08,0,0.08
unit_3,1573015492410712000,,,car,0.113137,,,0.08,0,0.08
unit_3,1573015495181316000,7,35,car,,30360.529297,26,,,
unit_3,1573015495381320000,,,car,0.252982,,,0.08,0,0.24
unit_3,1573015495386448000,,,car,0.252982,,,0.08,0,0.24
unit_3,1573015495391576000,,,car,0.178885,,,0.08,0,0.16
unit_3,1573015495396704000,,,car,0.252982,,,0.08,0,0.24
unit_3,1573015495400696000,,,car,0.16,,,0,0,0.16
unit_3,1573015495405912000,,,car,0.252982,,,0.08,0,0.24
unit_3,1573015495411080000,,,car,0.192094,,,0.08,0.07,0.16
unit_3,1573015495424992000,,,car,0.262488,,,0.08,0.07,0.24
unit_3,1573015495429556000,,,car,0.262488,,,0.08,0.07,0.24
unit_3,1573015495434564000,,,car,0.262488,,,0.08,0.07,0.24
unit_3,1573015495439696000,,,car,0.329848,,,0.08,0,0.32
unit_3,1573015495443780000,,,car,0.337194,,,0.08,0.07,0.32
unit_3,1573015495448904000,,,car,0.329848,,,0.08,0,0.32
unit_3,1573015495454008000,,,car,0.329848,,,0.08,0,0.32
unit_3,1573015495459172000,,,car,0.413884,,,0.08,0.07,0.4
unit_3,1573015495464244000,,,car,0.413884,,,0.08,0.07,0.4
unit_3,1573015495469404000,,,car,0.413884,,,0.08,0.07,0.4
unit_3,1573015495474564000,,,car,0.413884,,,0.08,0.07,0.4
unit_3,1573015495479636000,,,car,0.49163,,,0.08,0.07,0.48
unit_3,1573015495483724000,,,car,0.510784,,,0.16,0.07,0.48
unit_3,1573015495488996000,,,car,5.628366,,,0.56,0.07,5.6
unit_3,1573015495493976000,,,car,0.843386,,,0.16,0.61,0.56
unit_3,1573015495499124000,,,car,0.764788,,,0.32,0.69,0.08
unit_3,1573015495504256000,,,car,2.335659,,,0.56,0.69,2.16
unit_3,1573015495509320000,,,car,0.888144,,,0.24,0.84,0.16
unit_3,1573015495522348000,,,car,0.178885,,,0.08,0,0.16
unit_3,1573015495525724000,,,car,0.226274,,,0.16,0,0.16
unit_3,1573015495530768000,,,car,0.452548,,,0.32,0,0.32
unit_3,1573015495535920000,,,car,0.387943,,,0.32,0.15,0.16
unit_3,1573015495545924000,,,car,0.174642,,,0.16,0.07,0
unit_3,1573015495572996000,,,car,0.262488,,,0.24,0.07,0.08
unit_3,1573015495577960000,,,car,0.113137,,,0.08,0,0.08
unit_3,1573015495583008000,,,car,0.113137,,,0.08,0,0.08
unit_3,1573015495588152000,,,car,0.113137,,,0.08,0,0.08
unit_3,1573015495593296000,,,car,0.113137,,,0.08,0,0.08
unit_3,1573015495598440000,,,car,0.113137,,,0.08,0,0.08
unit_3,1573015495603456000,,,car,0.08,,,0,0,0.08
unit_3,1573015495608688000,,,car,0.113137,,,0.08,0,0.08
unit_3,1573015495612776000,,,car,0.113137,,,0.08,0,0.08
unit_3,1573015495625036000,,,car,0.106301,,,0,0.07,0.08
unit_3,1573015505203828000,7,35,car,,30356.169922,26,,,
unit_3,1573015515226088000,7,35,car,,30360.529297,26,,,
unit_3,1573015525248032000,7,35,car,,30360.529297,26,,,
unit_3,1573015535270956000,7,35,car,,30842.130859,26,,,
unit_3,1573015545294828000,7,35,car,,30842.130859,26,,,
unit_3,1573015555317784000,7,35,car,,29878.439453,26,,,
unit_3,1573015565340696000,7,35,car,,30360.529297,26,,,
unit_3,1573015575364620000,7,35,car,,30842.130859,26,,,
unit_3,1573015585387540000,7,35,car,,30842.130859,26,,,
unit_3,1573015595411452000,7,35,car,,30360.529297,26,,,
unit_3,1573015605435396000,7,35,car,,30842.130859,26,,,
unit_3,1573015615458344000,7,35,car,,30360.529297,26,,,
unit_3,1573015625481196000,7,35,car,,30360.529297,26,,,
unit_3,1573015635503912000,7,35,car,,30360.529297,26,,,
unit_3,1573015645526856000,7,35,car,,30842.130859,26,,,
unit_3,1573015655549764000,7,35,car,,30360.529297,26,,,
unit_3,1573015665572908000,7,35,car,,30842.130859,26,,,
unit_3,1573015790956816000,,,car,0.24,,,0,0,0.24
unit_3,1573015790961956000,,,car,0.551725,,,0.32,0.38,0.24
unit_3,1573015790967088000,,,car,1.32484,,,0.8,0.84,0.64
unit_3,1573015790972228000,,,car,0.44587,,,0.32,0.3,0.08
unit_3,1573015790977372000,,,car,0.192094,,,0.08,0.07,0.16
unit_3,1573015790982448000,,,car,0.24,,,0,0,0.24
unit_3,1573015790987528000,,,car,0.24,,,0,0,0.24
unit_3,1573015790992688000,,,car,0.24,,,0,0,0.24
unit_3,1573015790997768000,,,car,0.24,,,0,0,0.24
unit_3,1573015791002928000,,,car,0.24,,,0,0,0.24
unit_3,1573015791008048000,,,car,0.24,,,0,0,0.24
unit_3,1573015791013188000,,,car,1.056456,,,0.64,0.69,0.48
unit_3,1573015791018320000,,,car,1.106752,,,0.72,0.69,0.48
unit_3,1573015791023420000,,,car,0.332415,,,0.24,0.23,0
unit_3,1573015791028504000,,,car,0.24,,,0,0,0.24
unit_3,1573015791033584000,,,car,0.24,,,0,0,0.24
unit_3,1573015791037752000,,,car,0.24,,,0,0,0.24
unit_3,1573015791042872000,,,car,0.174642,,,0,0.07,0.16
unit_3,1573015791047992000,,,car,0.174642,,,0,0.07,0.16
unit_3,1573015791053148000,,,car,0.192094,,,0.08,0.07,0.16
unit_3,1573015791058408000,,,car,6.305942,,,0.88,0.23,6.24
unit_3,1573015791064220000,,,car,1.132828,,,0.08,0.15,1.12
unit_3,1573015791068592000,,,car,2.865118,,,1.6,1.15,2.08
unit_3,1573015791073612000,,,car,1.498032,,,0.96,1.15,0
unit_3,1573015791077668000,,,car,0.907083,,,0.4,0.38,0.72
unit_3,1573015791082808000,,,car,0.436463,,,0.16,0.07,0.4
unit_3,1573015791087952000,,,car,0.554617,,,0.24,0.3,0.4
unit_3,1573015791093088000,,,car,1.261269,,,0.08,0.38,1.2
unit_3,1573015791098232000,,,car,0.4272,,,0.32,0.15,0.24
unit_3,1573015791137796000,,,car,0.233452,,,0.16,0.15,0.08
unit_3,1573015791142260000,,,car,0.178885,,,0.16,0,0.08
unit_3,1573015791147372000,,,car,0.178885,,,0.16,0,0.08
unit_3,1573015791152460000,,,car,0.178885,,,0.16,0,0.08
unit_3,1573015791157584000,,,car,0.08,,,0.08,0,0
unit_3,1573015791162720000,,,car,0.113137,,,0.08,0,0.08
unit_3,1573015791167768000,,,car,0.113137,,,0.08,0,0.08
unit_3,1573015791172880000,,,car,0.08,,,0,0,0.08
unit_3,1573015791177976000,,,car,0,,,0,0,0
unit_3,1573015791183204000,,,car,0.106301,,,0,0.07,0.08
unit_3,1573015791189756000,,,car,0.271477,,,0.16,0.15,0.16
unit_3,1573015795877864000,7,35,car,,30842.130859,26,,,
unit_3,1573015805901800000,7,35,car,,30842.130859,26,,,
unit_3,1573015815925740000,7,35,car,,30842.130859,26,,,
unit_3,1573015825949688000,7,35,car,,30842.130859,26,,,
unit_3,1573015835972656000,7,35,car,,30842.130859,26,,,
unit_3,1573015845996544000,7,35,car,,30842.130859,26,,,
unit_3,1573015856019480000,7,35,car,,30360.529297,26,,,
unit_3,1573015866043404000,7,35,car,,30360.529297,26,,,
unit_3,1573015876067296000,7,35,car,,30842.130859,26,,,
unit_3,1573015886090228000,7,35,car,,30842.130859,26,,,
unit_3,1573015896112156000,7,35,car,,30360.529297,26,,,
unit_3,1573015906134044000,7,35,car,,30360.529297,26,,,
unit_3,1573015916155920000,7,35,car,,30842.130859,26,,,
unit_3,1573015926179816000,7,35,car,,30842.130859,26,,,
unit_3,1573015936202776000,7,35,car,,30360.529297,26,,,
unit_3,1573015946226680000,7,35,car,,30842.130859,26,,,
unit_3,1573015956250464000,7,35,car,,30842.130859,26,,,
unit_3,1573015966274516000,7,35,car,,30842.130859,26,,,
unit_3,1573015976297512000,7,35,car,,30842.130859,26,,,
unit_3,1573015986320424000,7,35,car,,30842.130859,26,,,
unit_3,1573015996343340000,7,35,car,,30360.529297,26,,,
unit_3,1573016006366204000,7,35,car,,29878.439453,26,,,
unit_3,1573016016389132000,7,35,car,,30842.130859,26,,,
unit_3,1573016026411048000,7,35,car,,30842.130859,26,,,
unit_3,1573016036432936000,7,35,car,,30842.130859,26,,,
unit_3,1573016046455844000,7,35,car,,30842.130859,26,,,
unit_3,1573016166735868000,7,35,car,,30360.529297,26,,,
unit_3,1573016169059616000,,,car,0.25,,,0.08,0,0.24
unit_3,1573016169063764000,,,car,0.26,,,0.08,0.07,0.24
unit_3,1573016169068916000,,,car,0.26,,,0.08,0.07,0.24
unit_3,1573016169073912000,,,car,0.24,,,0,0,0.24
unit_3,1573016169079140000,,,car,0.26,,,0.08,0.07,0.24
unit_3,1573016169084204000,,,car,0.26,,,0.08,0.07,0.24
unit_3,1573016169089356000,,,car,0.26,,,0.08,0.07,0.24
unit_3,1573016169094464000,,,car,0.38,,,0.24,0.3,0
unit_3,1573016169099604000,,,car,0.34,,,0.24,0.23,0.08
unit_3,1573016169104748000,,,car,0.26,,,0.08,0.07,0.24
unit_3,1573016169109812000,,,car,0.26,,,0.08,0.07,0.24
unit_3,1573016169114964000,,,car,0.34,,,0.08,0.07,0.32
unit_3,1573016169120108000,,,car,0.34,,,0.08,0.07,0.32
unit_3,1573016169125136000,,,car,0.33,,,0.08,0,0.32
unit_3,1573016169130248000,,,car,0.33,,,0.08,0,0.32
unit_3,1573016169135408000,,,car,0.4,,,0,0,0.4
unit_3,1573016169140488000,,,car,0.4,,,0,0,0.4
unit_3,1573016169145712000,,,car,0.97,,,0.64,0.61,0.4
unit_3,1573016169149768000,,,car,3.44,,,0.88,0.92,3.2
unit_3,1573016169154916000,,,car,1.12,,,0.4,0.07,1.04
unit_3,1573016169160088000,,,car,6.36,,,0.64,0.38,6.32
unit_3,1573016169165816000,,,car,1.46,,,0.08,0.53,1.36
unit_3,1573016169170300000,,,car,1.84,,,0.08,0.07,1.84
unit_3,1573016169175360000,,,car,0.57,,,0.4,0.07,0.4
unit_3,1573016169180488000,,,car,0.65,,,0.32,0.3,0.48
unit_3,1573016169185628000,,,car,1.22,,,0.08,0.23,-1.2
unit_3,1573016169189688000,,,car,0.72,,,0.16,0.3,0.64
unit_3,1573016169194796000,,,car,1.17,,,0.48,0.46,0.96
unit_3,1573016169199924000,,,car,2.21,,,0.72,0.61,2
unit_3,1573016169240180000,,,car,0.11,,,0,0.07,0.08
unit_3,1573016169245084000,,,car,0.19,,,0.08,0.15,0.08
unit_3,1573016169250184000,,,car,0.13,,,0.08,0.07,0.08
unit_3,1573016169255272000,,,car,0.13,,,0.08,0.07,0.08
unit_3,1573016169260368000,,,car,0.13,,,0.08,0.07,0.08
unit_3,1573016169265560000,,,car,0.13,,,0.08,0.07,0.08
unit_3,1573016169270616000,,,car,0.11,,,0.08,0,0.08
unit_3,1573016169274696000,,,car,0.11,,,0.08,0,0.08
unit_3,1573016169279840000,,,car,0.11,,,0.08,0,0.08
unit_3,1573016169284888000,,,car,0.11,,,0.08,0,0.08
unit_3,1573016169291504000,,,car,0.19,,,0.16,0.07,0.08
unit_3,1573016176758820000,7,35,car,,30357.099609,26,,,
unit_3,1573016186781724000,7,35,car,,30842.130859,26,,,
unit_3,1573016196805472000,7,35,car,,30842.130859,26,,,
unit_3,1573016206829396000,7,35,car,,30842.130859,26,,,
unit_3,1573016216853316000,7,35,car,,30360.529297,26,,,
unit_3,1573016226877288000,7,35,car,,30842.130859,26,,,
unit_3,1573016307062768000,7,35,car,,30842.130859,26,,,
unit_3,1573016317086572000,7,35,car,,30842.130859,26,,,
unit_3,1573016327110460000,7,35,car,,30842.130859,26,,,
unit_3,1573016337134400000,7,35,car,,30842.130859,26,,,
unit_3,1573016340752720000,,,car,0.74,,,0.48,0.46,0.32
unit_3,1573016340757860000,,,car,0.19,,,0.08,0.15,0.08
unit_3,1573016340762896000,,,car,0.17,,,0,0.07,0.16
unit_3,1573016340768016000,,,car,0.17,,,0,0.07,0.16
unit_3,1573016340773172000,,,car,0.19,,,0.08,0.07,0.16
unit_3,1573016340778324000,,,car,0.26,,,0.08,0.07,0.24
unit_3,1573016340783484000,,,car,0.26,,,0.08,0.07,0.24
unit_3,1573016340788556000,,,car,0.26,,,0.08,0.07,0.24
unit_3,1573016340793664000,,,car,0.34,,,0.16,0.3,0
unit_3,1573016340797768000,,,car,0.38,,,0.24,0.3,0
unit_3,1573016340802888000,,,car,0.25,,,0,0.07,0.24
unit_3,1573016340808044000,,,car,0.26,,,0.08,0.07,0.24
unit_3,1573016340813116000,,,car,0.26,,,0.08,0.07,0.24
unit_3,1573016340818268000,,,car,0.36,,,0.16,0.07,0.32
unit_3,1573016340823428000,,,car,0.36,,,0.16,0.07,0.32
unit_3,1573016340828492000,,,car,0.3,,,0.16,0.07,0.24
unit_3,1573016340833600000,,,car,0.36,,,0.16,0,0.32
unit_3,1573016340837712000,,,car,0.29,,,0.16,0,0.24
unit_3,1573016340842852000,,,car,0.89,,,0.64,0.61,0.08
unit_3,1573016340847904000,,,car,1.87,,,1.2,1.07,0.96
unit_3,1573016340853156000,,,car,4.07,,,0.72,0.23,4
unit_3,1573016340859152000,,,car,0.4,,,0.4,0,0
unit_3,1573016340864328000,,,car,1.03,,,0.24,0.3,0.96
unit_3,1573016340869464000,,,car,0.19,,,0.16,0.07,0.08
unit_3,1573016340874580000,,,car,0.11,,,0.08,0.07,0
unit_3,1573016340879688000,,,car,0.23,,,0.16,0,0.16
unit_3,1573016340883852000,,,car,0.34,,,0.32,0.07,0.08
unit_3,1573016340888908000,,,car,0.41,,,0.4,0.07,0.08
unit_3,1573016340894020000,,,car,1.02,,,0.4,0.61,0.72
unit_3,1573016340933216000,,,car,0.13,,,0.08,0.07,0.08
unit_3,1573016340938152000,,,car,0.13,,,0.08,0.07,0.08
unit_3,1573016340943120000,,,car,0.07,,,0,0.07,0
unit_3,1573016340948288000,,,car,0.13,,,0.08,0.07,0.08
unit_3,1573016340953480000,,,car,0.13,,,0.08,0.07,0.08
unit_3,1573016340958576000,,,car,0.13,,,0.08,0.07,0.08
unit_3,1573016340963672000,,,car,0.13,,,0.08,0.07,0.08
unit_3,1573016340967800000,,,car,0.13,,,0.08,0.07,0.08
unit_3,1573016340972896000,,,car,0.13,,,0.08,0.07,0.08
unit_3,1573016340977992000,,,car,0.13,,,0.08,0.07,0.08
unit_3,1573016340984668000,,,car,0.33,,,0.24,0.15,0.16
unit_3,1573016347158344000,7,35,car,,30842.130859,26,,,
unit_3,1573016357182280000,7,35,car,,30842.130859,26,,,
unit_3,1573016367206244000,7,35,car,,30842.130859,26,,,
unit_3,1573016377229376000,7,34,car,,30842.130859,26,,,
unit_3,1573016387251692000,7,35,car,,30360.529297,26,,,
unit_3,1573016397273408000,7,35,car,,30360.529297,26,,,
unit_3,1573016407295068000,7,34,car,,30842.130859,26,,,
unit_3,1573016417318748000,7,35,car,,30842.130859,26,,,
unit_3,1573016427342716000,7,35,car,,30842.130859,26,,,
unit_3,1573016437366660000,7,35,car,,30842.130859,26,,,
unit_3,1573016447389784000,7,34,car,,30842.130859,26,,,
unit_3,1573016457413476000,7,35,car,,30842.130859,26,,,
unit_3,1573016467437320000,7,34,car,,30842.130859,26,,,
unit_3,1573016477460488000,7,34,car,,30360.529297,26,,,
unit_3,1573016487483432000,7,34,car,,30842.130859,26,,,
unit_3,1573016497506328000,7,34,car,,30842.130859,26,,,
unit_3,1573016507529004000,7,34,car,,30842.130859,26,,,
unit_3,1573016517551128000,7,34,car,,30842.130859,26,,,
unit_3,1573016527573012000,7,34,car,,30842.130859,26,,,
unit_3,1573016537595960000,7,34,car,,30842.130859,26,,,
unit_3,1573016547618840000,7,34,car,,30842.130859,26,,,
unit_3,1573016557641796000,7,34,car,,30360.529297,26,,,
unit_3,1573056419251972000,7,35,car,,30842.130859,26,,,
unit_3,1573056429274880000,7,35,car,,30842.130859,26,,,
unit_3,1573056439297788000,7,35,car,,30360.529297,26,,,
unit_3,1573056439572804000,,,car,0.17,,,0,0.15,0.08
unit_3,1573056439577960000,,,car,0.13,,,0.08,0.07,0.08
unit_3,1573056439583032000,,,car,0.19,,,0.08,0.07,0.16
unit_3,1573056439588184000,,,car,0.19,,,0.08,0.07,0.16
unit_3,1573056439593256000,,,car,0.26,,,0.08,0.07,0.24
unit_3,1573056439598416000,,,car,0.34,,,0.08,0.07,0.32
unit_3,1573056439603780000,,,car,0.35,,,0,0.15,0.32
unit_3,1573056439607592000,,,car,0.51,,,0.24,0.38,0.24
unit_3,1573056439612736000,,,car,0.66,,,0.08,0.15,0.64
unit_3,1573056439617852000,,,car,0.89,,,0,0.15,0.88
unit_3,1573056439622964000,,,car,1.13,,,0,0.15,-1.12
unit_3,1573056439628116000,,,car,1.29,,,0.08,0.15,-1.28
unit_3,1573056439633264000,,,car,1.53,,,0.16,0.07,-1.52
unit_3,1573056439638328000,,,car,1.61,,,0.16,0.07,-1.6
unit_3,1573056439643480000,,,car,1.78,,,0.24,0.07,-1.76
unit_3,1573056439648540000,,,car,1.73,,,0.32,0.23,-1.68
unit_3,1573056439652696000,,,car,1.66,,,0.32,0.3,-1.6
unit_3,1573056439657760000,,,car,1.26,,,0.56,0.15,-1.12
unit_3,1573056439662904000,,,car,1.25,,,0.32,0.46,-1.12
unit_3,1573056439668040000,,,car,2.69,,,0.8,2.46,0.72
unit_3,1573056439673292000,,,car,3.79,,,-2.72,2.46,0.96
unit_3,1573056439679100000,,,car,3.58,,,3.36,0.69,-1.04
unit_3,1573056439683456000,,,car,2.62,,,2,-1.69,0
unit_3,1573056439688524000,,,car,3.09,,,0.56,0.07,3.04
unit_3,1573056439692588000,,,car,0.42,,,0.08,0.38,0.16
unit_3,1573056439697724000,,,car,0.37,,,0.16,0.23,0.24
unit_3,1573056439702860000,,,car,0.19,,,0.16,0.07,0.08
unit_3,1573056439707968000,,,car,1.81,,,0.96,0.84,1.28
unit_3,1573056439713096000,,,car,1.06,,,0.48,0.61,0.72
unit_3,1573056439752068000,,,car,0.16,,,0.16,0,0
unit_3,1573056439757228000,,,car,0.19,,,0.16,0.07,0.08
unit_3,1573056439762280000,,,car,0.11,,,0.08,0.07,0
unit_3,1573056439767364000,,,car,0.08,,,0.08,0,0
unit_3,1573056439772468000,,,car,0.08,,,0.08,0,0
unit_3,1573056439777508000,,,car,0,,,0,0,0
unit_3,1573056439781572000,,,car,0,,,0,0,0
unit_3,1573056439786700000,,,car,0,,,0,0,0
unit_3,1573056439791828000,,,car,0,,,0,0,0
unit_3,1573056439796956000,,,car,0,,,0,0,0
unit_3,1573056439803580000,,,car,0.19,,,0.16,0.07,0.08
unit_3,1573056447755556000,,,car,0.28,,,0.16,0.23,0
unit_3,1573056447759712000,,,car,0.13,,,0.08,0.07,0.08
unit_3,1573056447764708000,,,car,0.16,,,0,0,0.16
unit_3,1573056447769876000,,,car,0.16,,,0,0,0.16
unit_3,1573056447774956000,,,car,0.16,,,0,0,0.16
unit_3,1573056447780124000,,,car,0.16,,,0,0,0.16
unit_3,1573056447785236000,,,car,0.25,,,0.08,0,0.24
unit_3,1573056447790356000,,,car,0.33,,,0.08,0,0.32
unit_3,1573056447795460000,,,car,0.5,,,0.4,0.3,0
unit_3,1573056447799608000,,,car,0.3,,,0.16,0.07,0.24
unit_3,1573056447804684000,,,car,0.48,,,0,0,0.48
unit_3,1573056447809804000,,,car,0.49,,,0,0.07,0.48
unit_3,1573056447814924000,,,car,0.57,,,0.08,0,0.56
unit_3,1573056447820044000,,,car,0.64,,,0.08,0,0.64
unit_3,1573056447825164000,,,car,0.72,,,0.08,0,0.72
unit_3,1573056447830284000,,,car,0.72,,,0.08,0,0.72
unit_3,1573056447835404000,,,car,0.74,,,0.16,0,0.72
unit_3,1573056447840524000,,,car,0.74,,,0.16,0,0.72
unit_3,1573056447844628000,,,car,0.84,,,0.48,0.69,0
unit_3,1573056447849732000,,,car,0.84,,,0.48,0.69,0
unit_3,1573056447854964000,,,car,6.4,,,0,0.23,6.4
unit_3,1573056447860772000,,,car,1.46,,,0.8,0.84,0.88
unit_3,1573056447865248000,,,car,1.98,,,1.04,0.53,1.6
unit_3,1573056447870296000,,,car,1.6,,,0.8,0.69,1.2
unit_3,1573056447875424000,,,car,0.87,,,0.48,0.46,0.56
unit_3,1573056447880572000,,,car,0.61,,,0.24,0.07,0.56
unit_3,1573056447884644000,,,car,0.76,,,0.64,0.07,0.4
unit_3,1573056447889752000,,,car,0.74,,,0.72,0.15,0
unit_3,1573056447894876000,,,car,0.56,,,0.24,0.15,0.48
unit_3,1573056447936208000,,,car,0.11,,,0,0.07,0.08
unit_3,1573056447940852000,,,car,0,,,0,0,0
unit_3,1573056447946132000,,,car,0.13,,,0.08,0.07,0.08
unit_3,1573056447951148000,,,car,0.08,,,0.08,0,0
unit_3,1573056447956252000,,,car,0.08,,,0.08,0,0
unit_3,1573056447961356000,,,car,0.08,,,0.08,0,0
unit_3,1573056447966396000,,,car,0,,,0,0,0
unit_3,1573056447970556000,,,car,0,,,0,0,0
unit_3,1573056447975688000,,,car,0.11,,,0.08,0.07,0
unit_3,1573056447980788000,,,car,0.08,,,0.08,0,0
unit_3,1573056447987316000,,,car,0.11,,,0.08,0,0.08
unit_3,1573056449320728000,7,40,car,,30360.529297,26,,,
unit_3,1573056459344800000,7,40,car,,30842.130859,26,,,
unit_3,1573056469368704000,7,38,car,,30842.130859,26,,,
unit_3,1573056479392596000,7,37,car,,30842.130859,26,,,
unit_3,1573056489416540000,7,36,car,,30360.529297,26,,,
unit_3,1573056499440528000,7,35,car,,29878.439453,26,,,
unit_3,1573056509464400000,7,35,car,,30842.130859,26,,,
unit_3,1573056519488332000,7,35,car,,30842.130859,26,,,
unit_3,1573056529512284000,7,35,car,,30842.130859,26,,,
unit_3,1573056539536272000,7,35,car,,30842.130859,26,,,
unit_3,1573056549560192000,7,35,car,,30842.130859,26,,,
unit_3,1573056559584140000,7,35,car,,30360.529297,26,,,
unit_3,1573056569607016000,7,35,car,,30360.529297,26,,,
unit_3,1573056579629916000,7,35,car,,30360.529297,26,,,
unit_3,1573056589652844000,7,35,car,,30842.130859,26,,,
unit_3,1573056599675748000,7,35,car,,30842.130859,26,,,
unit_3,1573056609699708000,7,35,car,,30360.529297,26,,,
unit_3,1573056619723668000,7,35,car,,30842.130859,26,,,
unit_3,1573056629747508000,7,34,car,,30360.529297,26,,,
unit_3,1573056639771436000,7,34,car,,30842.130859,26,,,
unit_3,1573056649795428000,7,34,car,,30360.529297,26,,,
unit_3,1573056659819324000,7,34,car,,30842.130859,26,,,
unit_3,1573056669843280000,7,34,car,,30360.529297,26,,,
unit_3,1573056679867268000,7,34,car,,30842.130859,26,,,
unit_3,1573056689891104000,7,34,car,,30842.130859,26,,,
unit_3,1573056699915064000,7,34,car,,30360.529297,26,,,
unit_3,1573056709937972000,7,34,car,,30360.529297,26,,,
unit_3,1573056719960888000,7,34,car,,30842.130859,26,,,
unit_3,1573056729983792000,7,34,car,,30842.130859,26,,,
unit_3,1573056740006688000,7,34,car,,30360.529297,26,,,
unit_3,1573056750030700000,7,34,car,,30842.130859,26,,,
unit_3,1573056760054564000,7,34,car,,30842.130859,26,,,
unit_3,1573056770078492000,7,34,car,,30360.529297,26,,,
unit_3,1573056780102436000,7,34,car,,29878.439453,26,,,
unit_3,1573056870439424000,7,34,car,,30357.099609,26,,,
unit_3,1573056880462324000,7,35,car,,30360.529297,26,,,
unit_3,1573056890485280000,7,35,car,,30842.130859,26,,,
unit_3,1573056900508120000,7,34,car,,28914.359375,26,,,
unit_3,1573056910531084000,7,34,car,,30842.130859,26,,,
unit_3,1573056920555016000,7,34,car,,30842.130859,26,,,
unit_3,1573056930578928000,7,34,car,,30842.130859,26,,,
unit_3,1573056940602868000,7,34,car,,30360.529297,26,,,
unit_3,1573056950626844000,7,34,car,,30842.130859,26,,,
unit_3,1573056960650788000,7,34,car,,30842.130859,26,,,
unit_3,1573056970674716000,7,34,car,,30842.130859,26,,,
unit_3,1573056980698656000,7,34,car,,29878.439453,26,,,
unit_3,1573056990722576000,7,34,car,,30842.130859,26,,,
unit_3,1573057000746476000,7,34,car,,30842.130859,26,,,
unit_3,1573057010770408000,7,34,car,,30842.130859,26,,,
unit_3,1573057020792884000,7,34,car,,30842.130859,26,,,
unit_3,1573057030814812000,7,34,car,,30360.529297,26,,,
unit_3,1573057040837088000,7,34,car,,30842.130859,26,,,
unit_3,1573057050861076000,7,35,car,,30842.130859,26,,,
unit_3,1573057060885008000,7,35,car,,30360.529297,26,,,
unit_3,1573057070908944000,7,35,car,,30842.130859,26,,,
unit_3,1573057080932956000,7,35,car,,30842.130859,26,,,
unit_3,1573057090956820000,7,34,car,,30842.130859,26,,,
unit_3,1573057100980704000,7,34,car,,30842.130859,26,,,
unit_3,1573057111004640000,7,34,car,,30360.529297,26,,,
unit_3,1573057121028632000,7,35,car,,30842.130859,26,,,
unit_3,1573057131052616000,7,35,car,,30842.130859,26,,,
unit_3,1573057141076568000,7,35,car,,30842.130859,26,,,
unit_3,1573057151099468000,7,35,car,,30842.130859,26,,,
unit_3,1573057161122384000,7,35,car,,30842.130859,26,,,
unit_3,1573057171145252000,7,34,car,,30842.130859,26,,,
unit_3,1573057181168128000,7,34,car,,30360.529297,26,,,
unit_3,1573057191191084000,7,34,car,,30842.130859,26,,,
unit_3,1573057201214984000,7,34,car,,30842.130859,26,,,
unit_3,1573057211238916000,7,34,car,,30360.529297,26,,,
unit_3,1573057221262840000,7,34,car,,30842.130859,26,,,
unit_3,1573057231286884000,7,35,car,,30842.130859,26,,,
unit_3,1573057241310724000,7,34,car,,30842.130859,26,,,
unit_3,1573057251334632000,7,34,car,,30842.130859,26,,,
unit_3,1573057261358592000,7,34,car,,30842.130859,26,,,
unit_3,1573057271382528000,7,34,car,,30842.130859,26,,,
unit_3,1573057281406480000,7,34,car,,30360.529297,26,,,
unit_3,1573057291429364000,7,34,car,,30842.130859,26,,,
unit_3,1573057301452260000,7,34,car,,30360.529297,26,,,
unit_3,1573057311475208000,7,34,car,,30842.130859,26,,,
unit_3,1573057321498112000,7,34,car,,30360.529297,26,,,
unit_3,1573057331522048000,7,34,car,,30360.529297,26,,,
unit_3,1573057341546004000,7,34,car,,30842.130859,26,,,
unit_3,1573057351569964000,7,34,car,,30360.529297,26,,,
unit_3,1573057361593880000,7,34,car,,29878.439453,26,,,
unit_3,1573057371617812000,7,34,car,,30842.130859,26,,,
unit_3,1573057381641748000,7,34,car,,30842.130859,26,,,
unit_3,1573057391665704000,7,34,car,,30842.130859,26,,,
unit_3,1573057401689632000,7,34,car,,30842.130859,26,,,
unit_3,1573057411713528000,7,34,car,,30842.130859,26,,,
unit_3,1573057421737560000,7,34,car,,30360.529297,26,,,
unit_3,1573057431760428000,7,34,car,,30842.130859,26,,,
unit_3,1573057441783304000,7,34,car,,30842.130859,26,,,
unit_3,1573057451806292000,7,34,car,,30842.130859,26,,,
unit_3,1573057461829136000,7,33,car,,30842.130859,26,,,
unit_3,1573057471853100000,7,33,car,,30842.130859,26,,,
unit_3,1573057481877012000,7,33,car,,30842.130859,26,,,
unit_3,1573057491900940000,7,33,car,,30360.529297,26,,,
unit_3,1573057501924888000,7,33,car,,30360.529297,26,,,
unit_3,1573057511948832000,7,33,car,,30842.130859,26,,,
unit_3,1573057521972764000,7,33,car,,30842.130859,26,,,
unit_3,1573057531996644000,7,33,car,,30842.130859,26,,,
unit_3,1573057542020624000,7,33,car,,29878.439453,26,,,
unit_3,1573057552044532000,7,33,car,,30360.529297,26,,,
unit_3,1573057562068484000,7,33,car,,29396.039062,26,,,
unit_3,1573057572091384000,7,33,car,,29878.439453,26,,,
unit_3,1573057582114336000,7,33,car,,30360.529297,26,,,
unit_3,1573057592137212000,7,33,car,,30842.130859,26,,,
unit_3,1573057602160120000,7,34,car,,29878.439453,26,,,
unit_3,1573057612183024000,7,33,car,,30360.529297,26,,,
unit_3,1573057622206940000,7,33,car,,30842.130859,26,,,
unit_3,1573057632230880000,7,33,car,,30842.130859,26,,,
unit_3,1573057642254856000,7,33,car,,30360.529297,26,,,
unit_3,1573057652278796000,7,33,car,,30842.130859,26,,,
unit_3,1573057662302708000,7,33,car,,30360.529297,26,,,
unit_3,1573057672326648000,7,33,car,,30842.130859,26,,,
unit_3,1573057682350660000,7,33,car,,30842.130859,26,,,
unit_3,1573057692374576000,7,34,car,,30842.130859,26,,,
unit_3,1573057702398400000,7,33,car,,30842.130859,26,,,
unit_3,1573057712421384000,7,33,car,,30360.529297,26,,,
unit_3,1573057722444216000,7,33,car,,30842.130859,26,,,
unit_3,1573057732467248000,7,33,car,,30842.130859,26,,,
unit_3,1573057742490112000,7,33,car,,30842.130859,26,,,
unit_3,1573057752514176000,7,34,car,,30842.130859,26,,,
unit_3,1573057762538012000,7,34,car,,30842.130859,26,,,
unit_3,1573057772561968000,7,34,car,,30842.130859,26,,,
unit_3,1573057782585920000,7,34,car,,30842.130859,26,,,
unit_3,1573057792609920000,7,34,car,,30842.130859,26,,,
unit_3,1573057802633840000,7,34,car,,30842.130859,26,,,
unit_3,1573057812657740000,7,34,car,,30842.130859,26,,,
unit_3,1573057822681644000,7,34,car,,30842.130859,26,,,
unit_3,1573057832705564000,7,34,car,,30842.130859,26,,,
unit_3,1573057842729652000,7,34,car,,30360.529297,26,,,
unit_3,1573057852752412000,7,34,car,,30842.130859,26,,,
unit_3,1573057862775432000,7,34,car,,30842.130859,26,,,
unit_3,1573057872798304000,7,34,car,,30842.130859,26,,,
unit_3,1573057882821248000,7,34,car,,30360.529297,26,,,
unit_3,1573057892845212000,7,34,car,,30842.130859,26,,,
unit_3,1573057902869176000,7,34,car,,29878.439453,26,,,
unit_3,1573057912893088000,7,34,car,,30360.529297,26,,,
unit_3,1573057922917036000,7,34,car,,30360.529297,26,,,
unit_3,1573057932940968000,7,34,car,,30360.529297,26,,,
unit_3,1573057942964852000,7,34,car,,30842.130859,26,,,
unit_3,1573057952988796000,7,33,car,,30842.130859,26,,,
unit_3,1573057963012784000,7,34,car,,30360.529297,26,,,
unit_3,1573057973036720000,7,34,car,,30842.130859,26,,,
unit_3,1573057983060668000,7,34,car,,30842.130859,26,,,
unit_3,1573057993083548000,7,34,car,,30842.130859,26,,,
unit_3,1573058003106296000,7,34,car,,30842.130859,26,,,
unit_3,1573058013129264000,7,34,car,,30842.130859,26,,,
unit_3,1573058023152284000,7,34,car,,30842.130859,26,,,
unit_3,1573058033175184000,7,34,car,,30842.130859,26,,,
unit_3,1573058043199128000,7,34,car,,30360.529297,26,,,
unit_3,1573058053223036000,7,34,car,,30842.130859,26,,,
unit_3,1573058063246960000,7,34,car,,30842.130859,26,,,
unit_3,1573058073270960000,7,34,car,,30842.130859,26,,,
unit_3,1573058083294764000,7,34,car,,30842.130859,26,,,
unit_3,1573058093318736000,7,34,car,,30360.529297,26,,,
unit_3,1573058103342712000,7,34,car,,30842.130859,26,,,
unit_3,1573058113366656000,7,34,car,,30842.130859,26,,,
unit_3,1573058123390628000,7,34,car,,30842.130859,26,,,
unit_3,1573058133413524000,7,34,car,,30360.529297,26,,,
unit_3,1573058143436392000,7,33,car,,30360.529297,26,,,
unit_3,1573058153459288000,7,34,car,,30842.130859,26,,,
unit_3,1573058163482252000,7,34,car,,30842.130859,26,,,
unit_3,1573058173506148000,7,33,car,,30360.529297,26,,,
unit_3,1573058183529980000,7,34,car,,30842.130859,26,,,
unit_3,1573058193554000000,7,33,car,,30360.529297,26,,,
unit_3,1573058203577888000,7,33,car,,30842.130859,26,,,
unit_3,1573058213601884000,7,33,car,,30842.130859,26,,,
unit_3,1573058223625800000,7,33,car,,30842.130859,26,,,
unit_3,1573058233649744000,7,33,car,,30842.130859,26,,,
unit_3,1573058243673728000,7,34,car,,30842.130859,26,,,
unit_3,1573058253697648000,7,34,car,,30842.130859,26,,,
unit_3,1573058263721604000,7,34,car,,30360.529297,26,,,
unit_3,1573058273744568000,7,34,car,,30842.130859,26,,,
unit_3,1573058283767456000,7,34,car,,30842.130859,26,,,
unit_3,1573058293790176000,7,34,car,,30360.529297,26,,,
unit_3,1573058303813244000,7,34,car,,30842.130859,26,,,
unit_3,1573058313837088000,7,34,car,,30842.130859,26,,,
unit_3,1573058323861012000,7,34,car,,30360.529297,26,,,
unit_3,1573058333884948000,7,34,car,,30360.529297,26,,,
unit_3,1573058343909008000,7,34,car,,30842.130859,26,,,
unit_3,1573058353932864000,7,34,car,,30842.130859,26,,,
unit_3,1573058363956752000,7,34,car,,30842.130859,26,,,
unit_3,1573058373980680000,7,34,car,,30842.130859,26,,,
unit_3,1573058384004580000,7,34,car,,29878.439453,26,,,
unit_3,1573058394028532000,7,34,car,,30842.130859,26,,,
unit_3,1573058404052528000,7,34,car,,30842.130859,26,,,
unit_3,1573058414075436000,7,34,car,,30360.529297,26,,,
unit_3,1573058424098312000,7,34,car,,30842.130859,26,,,
unit_3,1573058434121188000,7,34,car,,30842.130859,26,,,
unit_3,1573058444144216000,7,34,car,,30360.529297,26,,,
unit_3,1573058454167116000,7,34,car,,30842.130859,26,,,
unit_3,1573058464191048000,7,34,car,,30360.529297,26,,,
unit_3,1573058474215048000,7,34,car,,30842.130859,26,,,
unit_3,1573058484238816000,7,34,car,,30842.130859,26,,,
unit_3,1573058494262856000,7,34,car,,30842.130859,26,,,
unit_3,1573058504286748000,7,34,car,,30842.130859,26,,,
unit_3,1573058514310632000,7,34,car,,30842.130859,26,,,
unit_3,1573058524334156000,7,34,car,,30360.529297,26,,,
unit_3,1573058534357552000,7,34,car,,30842.130859,26,,,
unit_3,1573058544381484000,7,34,car,,30842.130859,26,,,
unit_3,1573058554403912000,7,34,car,,30842.130859,26,,,
unit_3,1573058564426232000,7,34,car,,30842.130859,26,,,
unit_3,1573058574449184000,7,34,car,,29878.439453,26,,,
unit_3,1573058584472136000,7,34,car,,30842.130859,26,,,
unit_3,1573058594496044000,7,34,car,,29878.439453,26,,,
unit_3,1573058604519916000,7,34,car,,30842.130859,26,,,
unit_3,1573058614543844000,7,34,car,,30842.130859,26,,,
unit_3,1573058624567924000,7,34,car,,30842.130859,26,,,
unit_3,1573058634591788000,7,34,car,,30360.529297,26,,,
unit_3,1573058644615776000,7,34,car,,30842.130859,26,,,
unit_3,1573058654639648000,7,33,car,,30842.130859,26,,,
unit_3,1573058664663648000,7,34,car,,30360.529297,26,,,
unit_3,1573058674687552000,7,34,car,,30842.130859,26,,,
unit_3,1573058684711416000,7,34,car,,30842.130859,26,,,
unit_3,1573058694734324000,7,34,car,,30842.130859,26,,,
unit_3,1573058704757352000,7,34,car,,30842.130859,26,,,
unit_3,1573058714780228000,7,34,car,,30842.130859,26,,,
unit_3,1573058724803092000,7,34,car,,29878.439453,26,,,
unit_3,1573058734827048000,7,33,car,,30360.529297,26,,,
unit_3,1573058744850972000,7,34,car,,30360.529297,26,,,
unit_3,1573058754874904000,7,34,car,,30842.130859,26,,,
unit_3,1573058764898932000,7,33,car,,30842.130859,26,,,
unit_3,1573058774922776000,7,33,car,,30842.130859,26,,,
unit_3,1573058784946780000,7,33,car,,29878.439453,26,,,
unit_3,1573058794970660000,7,33,car,,30842.130859,26,,,
unit_3,1573058804994604000,7,33,car,,30360.529297,26,,,
unit_3,1573058815018512000,7,33,car,,30842.130859,26,,,
unit_3,1573058825042492000,7,33,car,,30360.529297,26,,,
unit_3,1573058835064968000,7,33,car,,30360.529297,26,,,
unit_3,1573058845087244000,7,33,car,,30842.130859,26,,,
unit_3,1573058855110244000,7,33,car,,30842.130859,26,,,
unit_3,1573058865133072000,7,34,car,,30842.130859,26,,,
unit_3,1573058875156984000,7,34,car,,30360.529297,26,,,
unit_3,1573058885180964000,7,33,car,,30842.130859,26,,,
unit_3,1573058895204864000,7,34,car,,30360.529297,26,,,
unit_3,1573058905228924000,7,34,car,,30842.130859,26,,,
unit_3,1573058915252764000,7,34,car,,30360.529297,26,,,
unit_3,1573058925276808000,7,34,car,,30360.529297,26,,,
unit_3,1573058935300600000,7,34,car,,30842.130859,26,,,
unit_3,1573058945324528000,7,34,car,,30360.529297,26,,,
unit_3,1573058955348480000,7,34,car,,30842.130859,26,,,
unit_3,1573058965371432000,7,34,car,,30842.130859,26,,,
unit_3,1573058975394336000,7,34,car,,30842.130859,26,,,
unit_3,1573058985417184000,7,34,car,,30360.529297,26,,,
unit_3,1573058995440160000,7,34,car,,30842.130859,26,,,
unit_3,1573059005463024000,7,34,car,,30842.130859,26,,,
unit_3,1573059015487000000,7,34,car,,30842.130859,26,,,
unit_3,1573059025510948000,7,34,car,,30360.529297,26,,,
unit_3,1573059035534832000,7,34,car,,30842.130859,26,,,
unit_3,1573059045558764000,7,34,car,,30842.130859,26,,,
unit_3,1573059055582716000,7,34,car,,30842.130859,26,,,
unit_3,1573059065606652000,7,34,car,,30842.130859,26,,,
unit_3,1573059075630636000,7,34,car,,30842.130859,26,,,
unit_3,1573059085654524000,7,34,car,,30842.130859,26,,,
unit_3,1573059095678480000,7,34,car,,30842.130859,26,,,
unit_3,1573059105701440000,7,33,car,,30842.130859,26,,,
unit_3,1573059115724300000,7,34,car,,30842.130859,26,,,
unit_3,1573059125747220000,7,34,car,,29878.439453,26,,,
unit_3,1573059135770092000,7,34,car,,30842.130859,26,,,
unit_3,1573059145794056000,7,34,car,,30842.130859,26,,,
unit_3,1573059155817980000,7,34,car,,30842.130859,26,,,
unit_3,1573059165841896000,7,34,car,,30842.130859,26,,,
unit_3,1573059175865952000,7,34,car,,30842.130859,26,,,
unit_3,1573059185889760000,7,34,car,,30842.130859,26,,,
unit_3,1573059195913740000,7,34,car,,30360.529297,26,,,
unit_3,1573059205937700000,7,34,car,,30842.130859,26,,,
unit_3,1573059215961636000,7,34,car,,30842.130859,26,,,
unit_3,1573059225985680000,7,34,car,,29878.439453,26,,,
unit_3,1573059236009452000,7,34,car,,30842.130859,26,,,
unit_3,1573059246032400000,7,34,car,,30842.130859,26,,,
unit_3,1573059256055308000,7,34,car,,30842.130859,26,,,
unit_3,1573059266078248000,7,34,car,,30842.130859,26,,,
unit_3,1573059276101136000,7,34,car,,29396.039062,26,,,
unit_3,1573059286125152000,7,34,car,,30842.130859,26,,,
unit_3,1573059296149032000,7,34,car,,30842.130859,26,,,
unit_3,1573059306172944000,7,34,car,,30842.130859,26,,,
unit_3,1573059316196992000,7,34,car,,30360.529297,26,,,
unit_3,1573059326220776000,7,34,car,,30842.130859,26,,,
unit_3,1573059336244752000,7,34,car,,30842.130859,26,,,
unit_3,1573059346268684000,7,34,car,,30842.130859,26,,,
unit_3,1573059414345128000,7,34,car,,30842.130859,26,,,
unit_3,1573059424368068000,7,34,car,,30842.130859,26,,,
unit_3,1573059434390980000,7,34,car,,30842.130859,26,,,
unit_3,1573059444413840000,7,34,car,,30842.130859,26,,,
unit_3,1573059454436860000,7,34,car,,30360.529297,26,,,
unit_3,1573059464460852000,7,34,car,,30360.529297,26,,,
unit_3,1573059474484680000,7,34,car,,30842.130859,26,,,
unit_3,1573059484508652000,7,34,car,,30842.130859,26,,,
unit_3,1573059494532660000,7,34,car,,30842.130859,26,,,
unit_3,1573059504556476000,7,34,car,,30842.130859,26,,,
unit_3,1573059514580416000,7,34,car,,30842.130859,26,,,
unit_3,1573059524604444000,7,34,car,,30842.130859,26,,,
unit_3,1573059534628372000,7,34,car,,30842.130859,26,,,
unit_3,1573059544652324000,7,34,car,,30842.130859,26,,,
unit_3,1573059554676284000,7,34,car,,30842.130859,26,,,
unit_3,1573059564699088000,7,34,car,,30842.130859,26,,,
unit_3,1573059574722024000,7,33,car,,30842.130859,26,,,
unit_3,1573059584744936000,7,33,car,,30360.529297,26,,,
unit_3,1573059594767876000,7,34,car,,30842.130859,26,,,
unit_3,1573059604790840000,7,33,car,,30842.130859,26,,,
unit_3,1573059614814732000,7,33,car,,30842.130859,26,,,
unit_3,1573059624838736000,7,34,car,,30360.529297,26,,,
unit_3,1573059634862696000,7,34,car,,30842.130859,26,,,
unit_3,1573059644886460000,7,34,car,,30842.130859,26,,,
unit_3,1573059654910452000,7,33,car,,30842.130859,26,,,
unit_3,1573059664934404000,7,33,car,,30360.529297,26,,,
unit_3,1573059674958404000,7,34,car,,30360.529297,26,,,
unit_3,1573059684982368000,7,34,car,,30842.130859,26,,,
unit_3,1573059695006292000,7,34,car,,30842.130859,26,,,
unit_3,1573059705029056000,7,34,car,,30842.130859,26,,,
unit_3,1573059715052104000,7,34,car,,30842.130859,26,,,
unit_3,1573059725075032000,7,34,car,,30842.130859,26,,,
unit_3,1573059735097916000,7,34,car,,30360.529297,26,,,
unit_3,1573059745121836000,7,34,car,,30842.130859,26,,,
unit_3,1573059755145828000,7,34,car,,30842.130859,26,,,
unit_3,1573059765169708000,7,34,car,,30842.130859,26,,,
unit_3,1573059775193680000,7,34,car,,30360.529297,26,,,
unit_3,1573059785217576000,7,34,car,,30842.130859,26,,,
unit_3,1573059795241552000,7,34,car,,30360.529297,26,,,
unit_3,1573059805265496000,7,34,car,,30842.130859,26,,,
unit_3,1573059815289336000,7,34,car,,30842.130859,26,,,
unit_3,1573059825313348000,7,34,car,,30842.130859,26,,,
unit_3,1573059835337260000,7,34,car,,30842.130859,26,,,
unit_3,1573059845360068000,7,34,car,,30842.130859,26,,,
unit_3,1573059855383064000,7,34,car,,30842.130859,26,,,
unit_3,1573059865406052000,7,34,car,,30842.130859,26,,,
unit_3,1573059875428916000,7,34,car,,30842.130859,26,,,
unit_3,1573059885452860000,7,34,car,,30842.130859,26,,,
unit_3,1573059895476816000,7,34,car,,29878.439453,26,,,
unit_3,1573059905500756000,7,34,car,,30842.130859,26,,,
unit_3,1573059915524640000,7,34,car,,30842.130859,26,,,
unit_3,1573059925548612000,7,34,car,,30842.130859,26,,,
unit_3,1573059935572524000,7,34,car,,30842.130859,26,,,
unit_3,1573059945596552000,7,34,car,,29878.439453,27,,,
unit_3,1573059955620472000,7,35,car,,30360.529297,26,,,
unit_3,1573059965644336000,7,35,car,,30360.529297,26,,,
unit_3,1573059975668368000,7,35,car,,30360.529297,26,,,
unit_3,1573059985691288000,7,35,car,,30842.130859,26,,,
unit_3,1573059995714036000,7,34,car,,30842.130859,26,,,
unit_3,1573060005737000000,7,34,car,,30842.130859,26,,,
unit_3,1573060015759952000,7,35,car,,30842.130859,26,,,
unit_3,1573060025782912000,7,35,car,,30842.130859,26,,,
unit_3,1573060035806840000,7,35,car,,29878.439453,26,,,
unit_3,1573060045830596000,7,34,car,,30360.529297,26,,,
unit_3,1573060055854696000,7,34,car,,30842.130859,26,,,
unit_3,1573060065878584000,7,34,car,,30842.130859,26,,,
unit_3,1573060075902552000,7,34,car,,30842.130859,26,,,
unit_3,1573060085926488000,7,34,car,,30360.529297,26,,,
unit_3,1573060095950428000,7,34,car,,30842.130859,27,,,
unit_3,1573060105974360000,7,34,car,,30842.130859,27,,,
unit_3,1573060115998308000,7,34,car,,30360.529297,27,,,
unit_3,1573060126021244000,7,34,car,,30360.529297,27,,,
unit_3,1573060136044060000,7,34,car,,30842.130859,26,,,
unit_3,1573060146067064000,7,34,car,,30842.130859,27,,,
unit_3,1573060156089916000,7,34,car,,30842.130859,26,,,
unit_3,1573060166113868000,7,34,car,,30360.529297,27,,,
unit_3,1573060176137848000,7,34,car,,30360.529297,27,,,
unit_3,1573060186161784000,7,34,car,,30360.529297,27,,,
unit_3,1573060196185552000,7,34,car,,30842.130859,26,,,
unit_3,1573060206209656000,7,34,car,,30842.130859,27,,,
unit_3,1573060216233520000,7,34,car,,30360.529297,26,,,
unit_3,1573060226257508000,7,34,car,,30842.130859,27,,,
unit_3,1573060236281436000,7,34,car,,30842.130859,27,,,
unit_3,1573060246305348000,7,34,car,,30842.130859,27,,,
unit_3,1573060256329320000,7,34,car,,30842.130859,27,,,
unit_3,1573060266352244000,7,34,car,,30842.130859,27,,,
unit_3,1573060276375108000,7,34,car,,30360.529297,26,,,
unit_3,1573060286398052000,7,34,car,,30842.130859,26,,,
unit_3,1573060296420940000,7,34,car,,30842.130859,27,,,
unit_3,1573060306444888000,7,34,car,,30842.130859,27,,,
unit_3,1573060316468836000,7,34,car,,30842.130859,27,,,
unit_3,1573060326492752000,7,33,car,,30842.130859,27,,,
unit_3,1573060336516668000,7,34,car,,30842.130859,26,,,
unit_3,1573060346540656000,7,34,car,,30842.130859,27,,,
unit_3,1573060356564588000,7,34,car,,30842.130859,27,,,
unit_3,1573060366587628000,7,34,car,,30842.130859,27,,,
unit_3,1573060376611440000,7,34,car,,30842.130859,27,,,
unit_3,1573060386635388000,7,33,car,,30842.130859,27,,,
unit_3,1573060396659316000,7,33,car,,30842.130859,27,,,
unit_3,1573060406682224000,7,34,car,,30360.529297,27,,,
unit_3,1573060416705156000,7,33,car,,30360.529297,27,,,
unit_3,1573060506959880000,7,34,car,,30357.099609,27,,,
unit_3,1573060516982744000,7,34,car,,30360.529297,26,,,
unit_3,1573060527005624000,7,34,car,,30842.130859,26,,,
unit_3,1573060537028052000,7,34,car,,30360.529297,26,,,
unit_3,1573060547051472000,7,34,car,,30842.130859,26,,,
unit_3,1573060557075448000,7,34,car,,30842.130859,27,,,
unit_3,1573060567099404000,7,34,car,,30842.130859,27,,,
unit_3,1573060577123292000,7,34,car,,30360.529297,26,,,
unit_3,1573060587147264000,7,34,car,,30842.130859,26,,,
unit_3,1573060597171172000,7,34,car,,30360.529297,26,,,
unit_3,1573060607195104000,7,34,car,,30360.529297,26,,,
unit_3,1573060617219084000,7,34,car,,29878.439453,26,,,
unit_3,1573060627243048000,7,34,car,,30842.130859,27,,,
unit_3,1573060637266992000,7,34,car,,30842.130859,27,,,
unit_3,1573060647289832000,7,34,car,,30360.529297,26,,,
unit_3,1573060657312816000,7,34,car,,30842.130859,27,,,
unit_3,1573060667335676000,7,34,car,,30842.130859,27,,,
unit_3,1573060677358588000,7,34,car,,30842.130859,27,,,
unit_3,1573060687382564000,7,34,car,,30842.130859,27,,,
unit_3,1573060697406524000,7,34,car,,30842.130859,27,,,
unit_3,1573060707430392000,7,34,car,,30842.130859,27,,,
unit_3,1573060717454356000,7,34,car,,30842.130859,27,,,
unit_3,1573060727478336000,7,34,car,,30842.130859,27,,,
unit_3,1573060737502224000,7,34,car,,30360.529297,27,,,
unit_3,1573060747526156000,7,34,car,,30842.130859,27,,,
unit_3,1573060757550196000,7,34,car,,30842.130859,27,,,
unit_3,1573060767574032000,7,34,car,,30842.130859,27,,,
unit_3,1573060777597988000,7,34,car,,30360.529297,27,,,
unit_3,1573060787620848000,7,34,car,,29396.039062,27,,,
unit_3,1573060797643828000,7,34,car,,30360.529297,27,,,
unit_3,1573060807666732000,7,34,car,,30360.529297,27,,,
unit_3,1573060817689616000,7,34,car,,29878.439453,27,,,
unit_3,1573060827713560000,7,34,car,,30842.130859,27,,,
unit_3,1573060837737532000,7,34,car,,30842.130859,27,,,
unit_3,1573060847761424000,7,34,car,,30842.130859,27,,,
unit_3,1573060857785388000,7,34,car,,30842.130859,27,,,
unit_3,1573060867809292000,7,34,car,,30360.529297,27,,,
unit_3,1573060877833308000,7,34,car,,30360.529297,27,,,
unit_3,1573060887857200000,7,34,car,,30842.130859,27,,,
unit_3,1573060897881116000,7,34,car,,30360.529297,27,,,
unit_3,1573060907905120000,7,34,car,,30842.130859,27,,,
unit_3,1573060917928952000,7,34,car,,30842.130859,27,,,
unit_3,1573060927951916000,7,34,car,,30360.529297,27,,,
unit_3,1573060937974840000,7,34,car,,30360.529297,27,,,
unit_3,1573060947997728000,7,34,car,,30842.130859,27,,,
unit_3,1573060958020664000,7,34,car,,30842.130859,27,,,
unit_3,1573060968044532000,7,34,car,,29878.439453,27,,,
unit_3,1573060978068472000,7,34,car,,29878.439453,27,,,
unit_3,1573060988092460000,7,34,car,,30360.529297,27,,,
unit_3,1573060998116380000,7,34,car,,30842.130859,27,,,
unit_3,1573061008140356000,7,34,car,,30842.130859,27,,,
unit_3,1573061018164224000,7,34,car,,30360.529297,27,,,
unit_3,1573061028188216000,7,34,car,,30360.529297,27,,,
unit_3,1573061038212196000,7,34,car,,29878.439453,27,,,
unit_3,1573061048235648000,7,34,car,,30360.529297,27,,,
unit_3,1573061058259004000,7,34,car,,30360.529297,27,,,
unit_3,1573061068281420000,7,34,car,,30842.130859,27,,,
unit_3,1573061078303356000,7,34,car,,30842.130859,27,,,
unit_3,1573061088325680000,7,34,car,,30842.130859,27,,,
unit_3,1573061098349580000,7,34,car,,30360.529297,27,,,
unit_3,1573061108373500000,7,34,car,,30842.130859,27,,,
unit_3,1573061118397436000,7,34,car,,30360.529297,27,,,
unit_3,1573061128421460000,7,34,car,,29878.439453,27,,,
unit_3,1573061138445340000,7,34,car,,30360.529297,27,,,
unit_3,1573061148469232000,7,34,car,,29878.439453,27,,,
unit_3,1573061158493184000,7,34,car,,30360.529297,27,,,
unit_3,1573061168517116000,7,34,car,,30360.529297,27,,,
unit_3,1573061178541048000,7,34,car,,30842.130859,27,,,
unit_3,1573061188565020000,7,34,car,,30842.130859,27,,,
unit_3,1573061198587948000,7,34,car,,30360.529297,27,,,
unit_3,1573061208610908000,7,34,car,,30842.130859,27,,,
unit_3,1573061218633300000,7,34,car,,30842.130859,27,,,
unit_3,1573061228655216000,7,34,car,,30360.529297,27,,,
unit_3,1573061238678136000,7,34,car,,30842.130859,27,,,
unit_3,1573061248701496000,7,34,car,,30360.529297,27,,,
unit_3,1573061258725440000,7,34,car,,30842.130859,27,,,
unit_3,1573061268749356000,7,34,car,,30842.130859,27,,,
unit_3,1573061278773280000,7,34,car,,30842.130859,27,,,
unit_3,1573061288797252000,7,34,car,,30842.130859,27,,,
unit_3,1573061298821172000,7,34,car,,30360.529297,27,,,
unit_3,1573061308845048000,7,34,car,,30360.529297,27,,,
unit_3,1573061318869116000,7,34,car,,30842.130859,27,,,
unit_3,1573061328891952000,7,34,car,,29878.439453,27,,,
unit_3,1573061338914868000,7,34,car,,30842.130859,27,,,
unit_3,1573061348937400000,7,34,car,,29878.439453,27,,,
unit_3,1573061358959252000,7,34,car,,30842.130859,27,,,
unit_3,1573061368982160000,7,34,car,,30360.529297,27,,,
unit_3,1573061379005516000,7,34,car,,30360.529297,27,,,
unit_3,1573061389029436000,7,34,car,,30842.130859,27,,,
unit_3,1573061399053392000,7,34,car,,30842.130859,27,,,
unit_3,1573061409077320000,7,34,car,,30842.130859,27,,,
unit_3,1573061419101304000,7,34,car,,30842.130859,27,,,
unit_3,1573061429125184000,7,34,car,,30842.130859,27,,,
unit_3,1573061439149176000,7,34,car,,30360.529297,27,,,
unit_3,1573061449173080000,7,34,car,,30842.130859,27,,,
unit_3,1573061459195040000,7,34,car,,30842.130859,27,,,
unit_3,1573061469217912000,7,34,car,,30360.529297,27,,,
unit_3,1573061479240832000,7,34,car,,30360.529297,27,,,
unit_3,1573061489263288000,7,34,car,,30842.130859,27,,,
unit_3,1573061499285636000,7,34,car,,30360.529297,27,,,
unit_3,1573061509308564000,7,34,car,,30842.130859,27,,,
unit_3,1573061519332480000,7,34,car,,30842.130859,27,,,
unit_3,1573061529355412000,7,34,car,,29878.439453,27,,,
unit_3,1573061539378332000,7,34,car,,30842.130859,27,,,
unit_3,1573061549402244000,7,34,car,,30842.130859,27,,,
unit_3,1573061559426168000,7,34,car,,30842.130859,27,,,
unit_3,1573061569449136000,7,34,car,,30842.130859,27,,,
unit_3,1573061579471980000,7,34,car,,30842.130859,27,,,
unit_3,1573061589493912000,7,34,car,,30842.130859,27,,,
unit_3,1573061599516360000,7,34,car,,30842.130859,27,,,
unit_3,1573061609538280000,7,34,car,,30842.130859,27,,,
unit_3,1573061619561580000,7,34,car,,30842.130859,27,,,
unit_3,1573061629585500000,7,34,car,,30842.130859,27,,,
unit_3,1573061639609084000,7,34,car,,30842.130859,27,,,
unit_3,1573061649631444000,7,34,car,,30842.130859,27,,,
unit_3,1573061659655300000,7,34,car,,30842.130859,27,,,
unit_3,1573061669679232000,7,34,car,,30842.130859,27,,,
unit_3,1573061679702796000,7,34,car,,30842.130859,27,,,
unit_3,1573061689725088000,7,34,car,,30842.130859,27,,,
unit_3,1573061699747968000,7,34,car,,30842.130859,27,,,
unit_3,1573061709769908000,7,34,car,,30842.130859,27,,,
unit_3,1573061719792756000,7,34,car,,30842.130859,27,,,
unit_3,1573061729815264000,7,34,car,,30360.529297,27,,,
unit_3,1573061739838168000,7,34,car,,30360.529297,27,,,
unit_3,1573061749861408000,7,34,car,,30842.130859,27,,,
unit_3,1573061759885300000,7,34,car,,30842.130859,27,,,
unit_3,1573061769909352000,7,34,car,,30842.130859,27,,,
unit_3,1573061779932304000,7,34,car,,30360.529297,27,,,
unit_3,1573061789955284000,7,34,car,,30842.130859,27,,,
unit_3,1573061799979020000,7,34,car,,30360.529297,27,,,
unit_3,1573061810002052000,7,34,car,,30842.130859,27,,,
unit_3,1573061820023936000,7,34,car,,30360.529297,27,,,
unit_3,1573061830045836000,7,34,car,,30360.529297,27,,,
unit_3,1573061840067776000,7,34,car,,30360.529297,27,,,
unit_3,1573061850090652000,7,34,car,,30842.130859,27,,,
unit_3,1573061860113604000,7,34,car,,30842.130859,27,,,
unit_3,1573061870136828000,7,34,car,,30360.529297,27,,,
unit_3,1573061880159372000,7,34,car,,30842.130859,27,,,
unit_3,1573061890183116000,7,34,car,,30842.130859,27,,,
unit_3,1573061900206280000,7,34,car,,30842.130859,27,,,
unit_3,1573061910230024000,7,34,car,,30360.529297,27,,,
unit_3,1573061920253128000,7,34,car,,30842.130859,27,,,
unit_3,1573061930274972000,7,34,car,,30842.130859,27,,,
unit_3,1573061940296860000,7,34,car,,30842.130859,27,,,
unit_3,1573061950319348000,7,34,car,,30842.130859,27,,,
unit_3,1573061960342528000,7,34,car,,30842.130859,27,,,
unit_3,1573061970365576000,7,34,car,,30842.130859,27,,,
unit_3,1573061980388524000,7,34,car,,30360.529297,27,,,
unit_3,1573061990412048000,7,34,car,,30842.130859,27,,,
unit_3,1573062000434328000,7,34,car,,30360.529297,27,,,
unit_3,1573062010458212000,7,34,car,,30360.529297,27,,,
unit_3,1573062020481760000,7,34,car,,30360.529297,27,,,
unit_3,1573062030504080000,7,34,car,,30360.529297,27,,,
unit_3,1573062040526600000,7,34,car,,30842.130859,27,,,
unit_3,1573062050547844000,7,34,car,,30842.130859,27,,,
unit_3,1573062060570144000,7,34,car,,30360.529297,27,,,
unit_3,1573062070592684000,7,34,car,,30842.130859,27,,,
unit_3,1573062080615628000,7,34,car,,30842.130859,27,,,
unit_3,1573062090638468000,7,34,car,,30842.130859,27,,,
unit_3,1573062100661396000,7,34,car,,30842.130859,27,,,
unit_3,1573062110685192000,7,34,car,,29878.439453,27,,,
unit_3,1573062120708300000,7,34,car,,29878.439453,27,,,
unit_3,1573062130732060000,7,34,car,,30842.130859,27,,,
unit_3,1573062140755656000,7,34,car,,30842.130859,27,,,
unit_3,1573062150777572000,7,34,car,,30360.529297,27,,,
unit_3,1573062160799488000,7,34,car,,30842.130859,27,,,
unit_3,1573062170820788000,7,34,car,,30842.130859,27,,,
unit_3,1573062180843728000,7,34,car,,30842.130859,27,,,
unit_3,1573062190866576000,7,34,car,,30842.130859,27,,,
unit_3,1573062200889532000,7,34,car,,30842.130859,27,,,
unit_3,1573062210912444000,7,34,car,,30360.529297,27,,,
unit_3,1573062220935328000,7,34,car,,30842.130859,27,,,
unit_3,1573062230958244000,7,34,car,,30842.130859,27,,,
unit_3,1573062240981220000,7,33,car,,30842.130859,27,,,
unit_3,1573062251004000000,7,33,car,,30842.130859,27,,,
unit_3,1573062261025952000,7,33,car,,30360.529297,27,,,
unit_3,1573062271048828000,7,33,car,,30360.529297,27,,,
unit_3,1573062281070820000,7,33,car,,30842.130859,27,,,
unit_3,1573062291093668000,7,33,car,,30842.130859,27,,,
unit_3,1573062301116584000,7,33,car,,30842.130859,27,,,
unit_3,1573062311140468000,7,33,car,,30842.130859,27,,,
unit_3,1573062321163948000,7,33,car,,30360.529297,27,,,
unit_3,1573062331186304000,7,33,car,,30360.529297,27,,,
unit_3,1573062341210224000,7,33,car,,30842.130859,27,,,
unit_3,1573062351233180000,7,33,car,,30842.130859,27,,,
unit_3,1573062361257068000,7,33,car,,30360.529297,27,,,
unit_3,1573062371279008000,7,33,car,,30842.130859,27,,,
unit_3,1573062381300896000,7,33,car,,30360.529297,27,,,
unit_3,1573062391322844000,7,33,car,,30842.130859,27,,,
unit_3,1573062401346656000,7,33,car,,30360.529297,27,,,
unit_3,1573062411370600000,7,33,car,,30360.529297,27,,,
unit_3,1573062421393556000,7,33,car,,29878.439453,27,,,
unit_3,1573062431417432000,7,33,car,,30360.529297,27,,,
unit_3,1573062441440972000,7,33,car,,30842.130859,27,,,
unit_3,1573062451464320000,7,33,car,,29878.439453,27,,,
unit_3,1573062461487300000,7,33,car,,30842.130859,27,,,
unit_3,1573062471510708000,7,33,car,,30842.130859,27,,,
unit_3,1573062481533072000,7,33,car,,30842.130859,27,,,
unit_3,1573062491555932000,7,33,car,,30842.130859,27,,,
unit_3,1573062501577876000,7,33,car,,30842.130859,27,,,
unit_3,1573062511599760000,7,33,car,,30842.130859,27,,,
unit_3,1573062521622680000,7,33,car,,30842.130859,27,,,
unit_3,1573062531646156000,7,33,car,,30842.130859,27,,,
unit_3,1573062541669492000,7,33,car,,29878.439453,27,,,
unit_3,1573062551692440000,7,33,car,,30842.130859,27,,,
unit_3,1573062561715892000,7,33,car,,30842.130859,27,,,
unit_3,1573062571739236000,7,33,car,,30360.529297,27,,,
unit_3,1573062581762188000,7,33,car,,30360.529297,27,,,
unit_3,1573062591786108000,7,33,car,,30842.130859,27,,,
unit_3,1573062601808012000,7,33,car,,30842.130859,27,,,
unit_3,1573062611830896000,7,33,car,,30842.130859,27,,,
unit_3,1573062621852820000,7,33,car,,30842.130859,27,,,
unit_3,1573062631875712000,7,33,car,,29878.439453,27,,,
unit_3,1573062641898672000,7,33,car,,29396.039062,27,,,
unit_3,1573062651922548000,7,33,car,,30842.130859,27,,,
unit_3,1573062661946468000,7,33,car,,29878.439453,27,,,
unit_3,1573062671969536000,7,33,car,,30842.130859,27,,,
unit_3,1573062681992324000,7,33,car,,30842.130859,27,,,
unit_3,1573062692015320000,7,33,car,,30360.529297,27,,,
unit_3,1573062702038156000,7,33,car,,30842.130859,27,,,
unit_3,1573062712061132000,7,33,car,,30842.130859,27,,,
unit_3,1573062722083960000,7,33,car,,30842.130859,27,,,
unit_3,1573062732105872000,7,33,car,,30842.130859,27,,,
unit_3,1573062742127816000,7,33,car,,30842.130859,27,,,
unit_3,1573062752150728000,7,33,car,,29878.439453,27,,,
unit_3,1573062762174140000,7,33,car,,29878.439453,27,,,
unit_3,1573062772197496000,7,33,car,,30842.130859,27,,,
unit_3,1573062782221444000,7,33,car,,29396.039062,27,,,
unit_3,1573062792244352000,7,33,car,,30842.130859,27,,,
unit_3,1573062802267856000,7,33,car,,30360.529297,27,,,
unit_3,1573062812290192000,7,33,car,,30842.130859,27,,,
unit_3,1573062822313768000,7,33,car,,30842.130859,27,,,
unit_3,1573062832337004000,7,33,car,,30360.529297,27,,,
unit_3,1573062842359504000,7,33,car,,30842.130859,27,,,
unit_3,1573062852381808000,7,33,car,,30842.130859,27,,,
unit_3,1573062862404292000,7,33,car,,30360.529297,27,,,
unit_3,1573062872426740000,7,33,car,,30842.130859,27,,,
unit_3,1573062882450556000,7,33,car,,30842.130859,27,,,
unit_3,1573062892474476000,7,33,car,,30842.130859,27,,,
unit_3,1573062902497524000,7,33,car,,30842.130859,27,,,
unit_3,1573062912520420000,7,33,car,,30842.130859,27,,,
unit_3,1573062922544220000,7,33,car,,30360.529297,27,,,
unit_3,1573062932567272000,7,33,car,,30360.529297,27,,,
unit_3,1573062942590104000,7,33,car,,30842.130859,27,,,
unit_3,1573062952612548000,7,33,car,,30842.130859,27,,,
unit_3,1573062962633860000,7,33,car,,30360.529297,27,,,
unit_3,1573062972656736000,7,33,car,,30842.130859,27,,,
unit_3,1573062982678680000,7,33,car,,30842.130859,27,,,
unit_3,1573062992702172000,7,33,car,,29878.439453,27,,,
unit_3,1573063002725496000,7,33,car,,30842.130859,27,,,
unit_3,1573063012748476000,7,33,car,,30842.130859,27,,,
unit_3,1573063022771356000,7,33,car,,30842.130859,27,,,
unit_3,1573063032794248000,7,33,car,,30842.130859,27,,,
unit_3,1573063042817240000,7,33,car,,30842.130859,27,,,
unit_3,1573063052840144000,7,33,car,,30842.130859,27,,,
unit_3,1573063062862960000,7,33,car,,30842.130859,27,,,
unit_3,1573063072884896000,7,33,car,,30842.130859,27,,,
unit_3,1573063082906776000,7,33,car,,30842.130859,27,,,
unit_3,1573063092929736000,7,33,car,,30842.130859,27,,,
unit_3,1573063102953604000,7,33,car,,30842.130859,27,,,
unit_3,1573063112976572000,7,33,car,,30842.130859,27,,,
unit_3,1573063122999460000,7,33,car,,30842.130859,27,,,
unit_3,1573063133023360000,7,33,car,,30842.130859,27,,,
unit_3,1573063143046860000,7,33,car,,30842.130859,27,,,
unit_3,1573063153070204000,7,33,car,,30360.529297,27,,,
unit_3,1573063163093136000,7,33,car,,30360.529297,27,,,
unit_3,1573063173116004000,7,33,car,,30842.130859,27,,,
unit_3,1573063183138924000,7,33,car,,30842.130859,27,,,
unit_3,1573063193161844000,7,33,car,,30360.529297,27,,,
unit_3,1573063203184732000,7,33,car,,30842.130859,27,,,
unit_3,1573063213207364000,7,33,car,,30360.529297,27,,,
unit_3,1573063223231580000,7,33,car,,30842.130859,27,,,
unit_3,1573063233254556000,7,33,car,,30360.529297,27,,,
unit_3,1573063243278428000,7,33,car,,30842.130859,27,,,
unit_3,1573063253301384000,7,33,car,,30842.130859,27,,,
unit_3,1573063263324352000,7,33,car,,30360.529297,27,,,
unit_3,1573063273347736000,7,33,car,,30842.130859,27,,,
unit_3,1573063283370128000,7,33,car,,30842.130859,27,,,
unit_3,1573063293392120000,7,33,car,,30842.130859,27,,,
unit_3,1573063303414016000,7,33,car,,30360.529297,27,,,
unit_3,1573063313436356000,7,33,car,,30842.130859,27,,,
unit_3,1573063323458236000,7,33,car,,30360.529297,27,,,
unit_3,1573063333480584000,7,33,car,,29878.439453,27,,,
unit_3,1573063343504488000,7,33,car,,30842.130859,27,,,
unit_3,1573063353528452000,7,33,car,,30842.130859,27,,,
unit_3,1573063363551384000,7,33,car,,30842.130859,27,,,
unit_3,1573063373574324000,7,33,car,,30360.529297,27,,,
unit_3,1573063383597268000,7,33,car,,30360.529297,27,,,
unit_3,1573063393621120000,7,33,car,,30842.130859,27,,,
unit_3,1573063403643024000,7,33,car,,30360.529297,27,,,
unit_3,1573063413665548000,7,33,car,,29878.439453,27,,,
unit_3,1573063423687456000,7,33,car,,30842.130859,27,,,
unit_3,1573063433710716000,7,33,car,,30842.130859,27,,,
unit_3,1573063443734624000,7,33,car,,30360.529297,27,,,
unit_3,1573063453757572000,7,33,car,,30360.529297,27,,,
unit_3,1573063463780588000,7,33,car,,30360.529297,27,,,
unit_3,1573063473804420000,7,33,car,,30842.130859,27,,,
unit_3,1573063483828316000,7,33,car,,30842.130859,27,,,
unit_3,1573063493852284000,7,33,car,,30360.529297,27,,,
unit_3,1573063503875904000,7,33,car,,30842.130859,27,,,
unit_3,1573063513899156000,7,33,car,,30842.130859,27,,,
unit_3,1573063523922080000,7,33,car,,30842.130859,27,,,
unit_3,1573063533944936000,7,33,car,,30842.130859,27,,,
unit_3,1573063543966884000,7,33,car,,30360.529297,27,,,
unit_3,1573063553988764000,7,33,car,,30360.529297,27,,,
unit_3,1573063564011652000,7,33,car,,30360.529297,27,,,
unit_3,1573063574034592000,7,33,car,,30842.130859,27,,,
unit_3,1573063584057480000,7,33,car,,30842.130859,27,,,
unit_3,1573063594080392000,7,33,car,,30842.130859,27,,,
unit_3,1573063604103396000,7,33,car,,30842.130859,27,,,
unit_3,1573063614126248000,7,33,car,,30842.130859,27,,,
unit_3,1573063624150140000,7,33,car,,30360.529297,27,,,
unit_3,1573063634173068000,7,33,car,,30842.130859,27,,,
unit_3,1573063644195948000,7,33,car,,30360.529297,27,,,
unit_3,1573063654217888000,7,33,car,,30842.130859,27,,,
unit_3,1573063664240744000,7,33,car,,30360.529297,27,,,
unit_3,1573063674263668000,7,33,car,,30842.130859,27,,,
unit_3,1573063684286612000,7,33,car,,30360.529297,27,,,
unit_3,1573063694310076000,7,33,car,,30360.529297,27,,,
unit_3,1573063704333444000,7,33,car,,30842.130859,27,,,
unit_3,1573063714356460000,7,33,car,,30842.130859,27,,,
unit_3,1573063724379340000,7,33,car,,30360.529297,27,,,
unit_3,1573063734402244000,7,33,car,,30842.130859,27,,,
unit_3,1573063744425144000,7,33,car,,30842.130859,27,,,
unit_3,1573063754447092000,7,33,car,,30842.130859,27,,,
unit_3,1573063764468964000,7,33,car,,30842.130859,27,,,
unit_3,1573063774490808000,7,33,car,,29878.439453,27,,,
unit_3,1573063784513720000,7,33,car,,30842.130859,27,,,
unit_3,1573063794537576000,7,33,car,,30842.130859,27,,,
unit_3,1573063804560532000,7,33,car,,30842.130859,27,,,
unit_3,1573063814583536000,7,33,car,,30360.529297,27,,,
unit_3,1573063824606396000,7,33,car,,30842.130859,27,,,
unit_3,1573063834629368000,7,33,car,,29878.439453,27,,,
unit_3,1573063844652204000,7,33,car,,30360.529297,27,,,
unit_3,1573063854675168000,7,33,car,,30842.130859,27,,,
unit_3,1573063864697632000,7,33,car,,30842.130859,27,,,
unit_3,1573063874719972000,7,33,car,,30360.529297,27,,,
unit_3,1573063884741820000,7,33,car,,30360.529297,27,,,
unit_3,1573063894765376000,7,33,car,,30842.130859,27,,,
unit_3,1573063904788704000,7,33,car,,30360.529297,27,,,
unit_3,1573063914811528000,7,33,car,,30842.130859,27,,,
unit_3,1573063924834552000,7,33,car,,30360.529297,27,,,
unit_3,1573063934857472000,7,33,car,,30842.130859,27,,,
unit_3,1573063944880360000,7,33,car,,30842.130859,27,,,
unit_3,1573063954903224000,7,33,car,,30842.130859,27,,,
unit_3,1573063964926200000,7,33,car,,30360.529297,27,,,
unit_3,1573063974948024000,7,33,car,,30842.130859,27,,,
unit_3,1573063984970872000,7,33,car,,29396.039062,27,,,
unit_3,1573063994992788000,7,33,car,,30842.130859,27,,,
unit_3,1573064005014724000,7,33,car,,30842.130859,27,,,
unit_3,1573064015038580000,7,33,car,,30842.130859,27,,,
unit_3,1573064025062180000,7,33,car,,30360.529297,27,,,
unit_3,1573064035086452000,7,33,car,,30842.130859,27,,,
unit_3,1573064045110372000,7,33,car,,30360.529297,27,,,
unit_3,1573064055133324000,7,33,car,,29878.439453,27,,,
unit_3,1573064065157212000,7,33,car,,30842.130859,27,,,
unit_3,1573064075181164000,7,33,car,,30360.529297,27,,,
unit_3,1573064085205084000,7,33,car,,30842.130859,27,,,
unit_3,1573064095227020000,7,33,car,,29878.439453,27,,,
unit_3,1573064105249020000,7,33,car,,30842.130859,27,,,
unit_3,1573064115271468000,7,33,car,,30842.130859,27,,,
unit_3,1573064125293720000,7,33,car,,30360.529297,27,,,
unit_3,1573064135316700000,7,33,car,,30842.130859,27,,,
unit_3,1573064145339632000,7,33,car,,30360.529297,27,,,
unit_3,1573064155362488000,7,33,car,,30360.529297,27,,,
unit_3,1573064165385404000,7,33,car,,30842.130859,27,,,
unit_3,1573064175409264000,7,33,car,,30842.130859,27,,,
unit_3,1573064185433208000,7,33,car,,30360.529297,27,,,
unit_3,1573064195456132000,7,33,car,,30360.529297,27,,,
unit_3,1573064205479076000,7,33,car,,30842.130859,27,,,
unit_3,1573064215501924000,7,33,car,,30360.529297,27,,,
unit_3,1573064225524408000,7,33,car,,30842.130859,27,,,
unit_3,1573064235546300000,7,33,car,,30360.529297,27,,,
unit_3,1573064245568724000,7,33,car,,30360.529297,27,,,
unit_3,1573064255591636000,7,33,car,,30842.130859,27,,,
unit_3,1573064265615460000,7,33,car,,30360.529297,27,,,
unit_3,1573064275639428000,7,33,car,,30360.529297,27,,,
unit_3,1573064285663348000,7,33,car,,30842.130859,27,,,
unit_3,1573064295686324000,7,33,car,,30842.130859,27,,,
unit_3,1573064305710196000,7,33,car,,30360.529297,27,,,
unit_3,1573064315733144000,7,33,car,,30360.529297,27,,,
unit_3,1573064325756008000,7,33,car,,30360.529297,27,,,
unit_3,1573064335778916000,7,33,car,,30842.130859,27,,,
unit_3,1573064345801412000,7,33,car,,30842.130859,27,,,
unit_3,1573064355823340000,7,33,car,,30842.130859,27,,,
unit_3,1573064365846636000,7,33,car,,30842.130859,27,,,
unit_3,1573064375869584000,7,33,car,,30842.130859,27,,,
unit_3,1573064385893472000,7,33,car,,30842.130859,27,,,
unit_3,1573064395916532000,7,33,car,,30842.130859,27,,,
unit_3,1573064405940316000,7,33,car,,29878.439453,27,,,
unit_3,1573064415964292000,7,33,car,,30360.529297,27,,,
unit_3,1573064425988204000,7,33,car,,30842.130859,27,,,
unit_3,1573064436012156000,7,33,car,,30360.529297,27,,,
unit_3,1573064446036076000,7,33,car,,30360.529297,27,,,
unit_3,1573064456058976000,7,33,car,,30842.130859,27,,,
unit_3,1573064466080996000,7,33,car,,30842.130859,27,,,
unit_3,1573064476103472000,7,33,car,,30842.130859,27,,,
unit_3,1573064486126704000,7,33,car,,30360.529297,27,,,
